"#Sequence","Barcode","Count","Percentage(%)"
"GCCCTTGACGGAGTGACCTA","barcode435316ABE118GEX",68390401,"3.24%"
"ACAGGGCTACATAGATGCTC","barcode435361ABE127GEX",64397906,"3.05%"
"CGAATATTCGTTGCTTCCAG","barcode435310ABE112GEX",62559039,"2.96%"
"TCATCGAGAAGTGCCCGACA","barcode435355ABE121GEX",59313207,"2.81%"
"GCAAGTAAGACTAGAGGTCA","barcode435308ABE110GEX",57624649,"2.73%"
"CCCTGACAGGGTTACGGGCT","barcode435366ABE132GEX",56306965,"2.67%"
"GCAGGTTATCGTTTCTAATG","barcode435313ABE115GEX",56232075,"2.66%"
"ATCTTGACGACCTGAGTTGC","barcode435317ABE119GEX",56207793,"2.66%"
"ACCCGAACCACTCCTGCCAC","barcode435364ABE130GEX",56155054,"2.66%"
"CCCTAGATAATAGAGCCTTT","barcode435306ABE108GEX",56063939,"2.66%"
"CACGTAAAGTAGGGCGTTCA","barcode435305ABE107GEX",55088392,"2.61%"
"AAACCATTCTTCCCACCCTC","barcode435301ABE103GEX",53900521,"2.55%"
"ATCCAACGGAGCGAGAACGT","barcode435363ABE129GEX",53780417,"2.55%"
"TGGTGCGGTGATTGACAGTC","barcode435315ABE117GEX",53329093,"2.53%"
"CAGTTGCCGGTGTTAAACCG","barcode435304ABE106GEX",52824715,"2.50%"
"TAAGTGCGCGAGAATACAGG","barcode435360ABE126GEX",52566826,"2.49%"
"TGGGATTGTGTTGTGGATAT","barcode435303ABE105GEX",52283802,"2.48%"
"TTTCACCCATAATTCCCAAG","barcode435309ABE111GEX",52198221,"2.47%"
"TTGTCCCGGATGGCATTCAC","barcode435311ABE113GEX",52077917,"2.47%"
"GATCGATTGTCATTCCGTCA","barcode435314ABE116GEX",52064256,"2.47%"
"TAACCAATTCCTACTAGAGT","barcode435318ABE120GEX",51010450,"2.42%"
"TTGTGGTGGGAAGCGGAGGT","barcode435358ABE124GEX",50894184,"2.41%"
"CCATAAGCGCCTAGCCAGGC","barcode435359ABE125GEX",50825372,"2.41%"
"CCTATACTGCGTGCACGGAA","barcode435356ABE122GEX",50665090,"2.40%"
"GTAGAGCCGAAGACCATCGG","barcode435362ABE128GEX",50626231,"2.40%"
"TTGGGTTCCGTCCTCGAATC","barcode435307ABE109GEX",47970782,"2.27%"
"ACCTACCGCGCAACATCCTG","barcode435365ABE131GEX",47299375,"2.24%"
"ATGCGTGGTTTAACCTGAAT","barcode435357ABE123GEX",46917076,"2.22%"
"CCATTCGCATCGACACTTGT","barcode435302ABE104GEX",44329831,"2.10%"
"AAGGTGTGAAGTGTACACTA","barcode435312ABE114GEX",41589612,"1.97%"
"CTCCCTCCATAATGGGTTAT","barcode435323ABE107TCR",8348287,"0.40%"
"TGACTCTCAACTACCAGGTT","barcode435373ABE127TCR",8134475,"0.39%"
"GCTTCTTGCTAGAAACACAA","barcode435368ABE122TCR",8042523,"0.38%"
"TGGTAGTCGTTTAGGGTCGT","barcode435371ABE125TCR",7818429,"0.37%"
"CCTCGAATAAAGCAGGACAG","barcode435403RUN2VDJ",7812377,"0.37%"
"CTCGCCCTATACTCGATGCA","barcode435367ABE121TCR",7788953,"0.37%"
"ACTTACCCGCCTTAGTGCTA","barcode435375ABE129TCR",7624479,"0.36%"
"CTCGCTAGAGGATGAAGATA","barcode435335ABE119TCR",7622482,"0.36%"
"CACTATGCTAGACAGAGCCG","barcode435326ABE110TCR",7554611,"0.36%"
"TCATGGCATTGCATTACGTA","barcode435370ABE124TCR",7492830,"0.35%"
"TCACGCGTTAGAAGTTAGGG","barcode435369ABE123TCR",7446748,"0.35%"
"GTTGTCTGGTCCTAGTTCCT","barcode435331ABE115TCR",7401971,"0.35%"
"AGAAGCTGGGGTTTGGTGTC","barcode435372ABE126TCR",7394585,"0.35%"
"GCGACGTCATATCCTGACCT","barcode435333ABE117TCR",7324630,"0.35%"
"TTTCGTAGTGATCAGTCTAA","barcode435327ABE111TCR",7263809,"0.34%"
"TTTATGCAAGAAGCCCTGAT","barcode435321ABE105TCR",7252017,"0.34%"
"TTTCGTCTACACCACACTAG","barcode435336ABE120TCR",7214054,"0.34%"
"CGTGCGTCTCATGTTCATAG","barcode435320ABE104TCR",7214026,"0.34%"
"CGAGGATAGGGTTAGTATTC","barcode435376ABE130TCR",7182505,"0.34%"
"TGCGGCCCTTGAGGAATCAG","barcode435324ABE108TCR",7177925,"0.34%"
"GCACGGGCAAAATCTCACGC","barcode435374ABE128TCR",7141081,"0.34%"
"TGAATCATCACGACTCCTAC","barcode435322ABE106TCR",7088930,"0.34%"
"ATTCACCGTGTGTGACGAAC","barcode435328ABE112TCR",7043352,"0.33%"
"ATATCCTCTCCCCATTTCAA","barcode435332ABE116TCR",6875199,"0.33%"
"ACCCTTGGGAAAAGGTAGTA","barcode435377ABE131TCR",6784570,"0.32%"
"AACCCACATGTAAAGGAATC","barcode435325ABE109TCR",6700602,"0.32%"
"CGAGAACGGGCCAATCCGTC","barcode435334ABE118TCR",6483124,"0.31%"
"CAGGTGGACGGTCATGAATG","barcode435319ABE103TCR",6380809,"0.30%"
"TACCGAAGGCAAATCGTTGG","barcode435378ABE132TCR",6296455,"0.30%"
"CTCTAGAAGGTCGTTGTATT","barcode435330ABE114TCR",6095634,"0.29%"
"CACAAGCCATCACAACATTC","barcode435329ABE113TCR",5787324,"0.27%"
"AGTCCCGCAAGCGATCCTCA","barcode435354ABE120ADT",5587647,"0.26%"
"TCGAACAAGTCACCCATCCA","barcode435338ABE104ADT",5544417,"0.26%"
"GCTGCAAGATTCCTTACTCG","barcode435340ABE106ADT",5492010,"0.26%"
"CACTGGGTCGGTTGGTGCGA","barcode435337ABE103ADT",5448334,"0.26%"
"ACGATTGTAAGTACAATCTG","barcode435352ABE118ADT",5414002,"0.26%"
"GATCTTGCATTCAGAGGCGT","barcode435351ABE117ADT",5378727,"0.25%"
"TTCCGCTCGTCTTAGTTGTT","barcode435390ABE132ADT",5014404,"0.24%"
"AACCCTTTGACTCAGTAATC","barcode435383ABE125ADT",5008119,"0.24%"
"AATCAAACGTTCTCTCAGTA","barcode435350ABE116ADT",4980515,"0.24%"
"GTGGTTCTATGTTAGGTTAG","barcode435344ABE110ADT",4874289,"0.23%"
"GCGAACTATGAGTTACGAAA","barcode435345ABE111ADT",4838301,"0.23%"
"ACTAATGGTTCCCGACATAC","barcode435346ABE112ADT",4828629,"0.23%"
"TCAGTAGTGCAACCGTAGTG","barcode435339ABE105ADT",4699095,"0.22%"
"TGTGCACCCAATGATGCATG","barcode435382ABE124ADT",4680179,"0.22%"
"AAGGTTGTTCGTACCAGTTC","barcode435349ABE115ADT",4588751,"0.22%"
"TCAGTCGTAGGAGGGCGATG","barcode435380ABE122ADT",4562020,"0.22%"
"GCTTTCGCTCTTGGTAAGGA","barcode435386ABE128ADT",4455678,"0.21%"
"GTGTCAATAAATCAGTTCGC","barcode435341ABE107ADT",4422570,"0.21%"
"ATAACAGCTGCTCACGTACT","barcode435348ABE114ADT",4405556,"0.21%"
"CCCAGATCACGCGACACAGT","barcode435343ABE109ADT",4390505,"0.21%"
"CTTCTACTTAAGGAAACGCG","barcode435387ABE129ADT",4363756,"0.21%"
"CCGGTAGCCAAATGACTCAG","barcode435342ABE108ADT",4309160,"0.20%"
"CCGAAGATTAATTGATGGCT","barcode435385ABE127ADT",4306052,"0.20%"
"ACATTCGAGATCGCGATCGT","barcode435381ABE123ADT",4120182,"0.20%"
"CCCAACGTGATGGAGCAAAG","barcode435353ABE119ADT",4102550,"0.19%"
"ACCCAGCAAACCGGAATTTG","barcode435389ABE131ADT",4102366,"0.19%"
"TCGTGATAACGAGGTGTTGC","barcode435347ABE113ADT",4066199,"0.19%"
"TATTCGCCTGCGGTAAAGGG","barcode435379ABE121ADT",4015837,"0.19%"
"GCATCCCAGCCCAGTTAGTC","barcode435388ABE130ADT",3987512,"0.19%"
"ACCCAGGCAGGCTATTGGTC","barcode435384ABE126ADT",3824744,"0.18%"
"GTAAACCCTTCGCGTGAGTA","barcode435404RUN2HTO",2158475,"0.10%"
"CAGTTGCGGGTGTTAAACCG","barcode435304ABE106GEX",1056503,"0.05%"
"CCATTCGCGTCGACACTTGT","barcode435302ABE104GEX",785774,"0.04%"
"GCAGGTTATGGTTTCTAATG","barcode435313ABE115GEX",521317,"0.02%"
"CCATTCGCCTCGACACTTGT","barcode435302ABE104GEX",475714,"0.02%"
"CACGTAAGTGAGGGCGTTCA","undecoded",397583,"0.02%"
"TGGATTGTGGTTGTGGATAT","undecoded",382442,"0.02%"
"TTTCACCATGAATTCCCAAG","undecoded",340706,"0.02%"
"TTGTCCGGAGTGGCATTCAC","undecoded",328844,"0.02%"
"CCTAGATAAGTAGAGCCTTT","undecoded",314910,"0.01%"
"ACAGGGCTAGATAGATGCTC","barcode435361ABE127GEX",292931,"0.01%"
"CCATTCGCTTCGACACTTGT","barcode435302ABE104GEX",276018,"0.01%"
"AACCATTCTGTCCCACCCTC","undecoded",272603,"0.01%"
"TCATCGAGAAGCCCGACAGT","undecoded",271658,"0.01%"
"CAGTTGCAGGTGTTAAACCG","barcode435304ABE106GEX",270202,"0.01%"
"GCAGTAAGAGCTAGAGGTCA","undecoded",261131,"0.01%"
"TTTTTTTTTTTTTTTTTTTT","undecoded",257279,"0.01%"
"CGAATATTGGTTGCTTCCAG","barcode435310ABE112GEX",255522,"0.01%"
"GCAAGTAGAGCTAGAGGTCA","undecoded",253222,"0.01%"
"ACCGAACCAGCTCCTGCCAC","undecoded",251022,"0.01%"
"CAGTTGCTGGTGTTAAACCG","barcode435304ABE106GEX",240028,"0.01%"
"TGTGGTGGGGAAGCGGAGGT","undecoded",237704,"0.01%"
"TTGTCCCGAGTGGCATTCAC","undecoded",231896,"0.01%"
"CCCTAGATAGTAGAGCCTTT","barcode435306ABE108GEX",231741,"0.01%"
"CATAAGCGCGCTAGCCAGGC","undecoded",226357,"0.01%"
"ATCCAACGGGGCGAGAACGT","barcode435363ABE129GEX",222185,"0.01%"
"TGGTGCGGAGATTGACAGTC","barcode435315ABE117GEX",221750,"0.01%"
"TTTCGTTTACACCACACTAG","barcode435336ABE120TCR",214076,"0.01%"
"AGGTGTGAAGGTGTACACTA","undecoded",213462,"0.01%"
"TCATCGAGAGGTGCCCGACA","barcode435355ABE121GEX",213158,"0.01%"
"ACCCGAACAGCTCCTGCCAC","undecoded",212698,"0.01%"
"GGGATTGTGGTTGTGGATAT","undecoded",211423,"0.01%"
"CCTGACAGGGGTTACGGGCT","undecoded",209492,"0.01%"
"GCCTTGACGGGAGTGACCTA","undecoded",206434,"0.01%"
"CGATATTCGGTTGCTTCCAG","undecoded",204177,"0.01%"
"TTGTCCCGGGTGGCATTCAC","barcode435311ABE113GEX",202753,"0.01%"
"TAACAATTCGCTACTAGAGT","undecoded",201495,"0.01%"
"TTGGGTTCGGTCCTCGAATC","barcode435307ABE109GEX",199254,"0.01%"
"AAACATTCTGTCCCACCCTC","undecoded",197048,"0.01%"
"TTGTGTGGGGAAGCGGAGGT","undecoded",189664,"0.01%"
"TAGTGCGCGGAGAATACAGG","undecoded",184517,"0.01%"
"ATCCAACGAGGCGAGAACGT","undecoded",183604,"0.01%"
"CCTATACTGCGCACGGAAGT","undecoded",183164,"0.01%"
"CCATAGCGCGCTAGCCAGGC","undecoded",179190,"0.01%"
"TGGTGCGTGGATTGACAGTC","undecoded",177988,"0.01%"
"CACGTAAAGTAGGCGTTCAG","undecoded",177714,"0.01%"
"AAGGTGTGAGGTGTACACTA","barcode435312ABE114GEX",176735,"0.01%"
"CATTCGCATGCGACACTTGT","undecoded",174850,"0.01%"
"ATCAACGGAGGCGAGAACGT","undecoded",172232,"0.01%"
"TGGGATGTGGTTGTGGATAT","undecoded",167407,"0.01%"
"TAACCAATTGCTACTAGAGT","barcode435318ABE120GEX",161341,"0.01%"
"GTAGAGCGAGAGACCATCGG","undecoded",156302,"0.01%"
"ACCCGACCAGCTCCTGCCAC","undecoded",156108,"0.01%"
"TTTCGTGTACACCACACTAG","barcode435336ABE120TCR",155584,"0.01%"
"ACCCGAACCACACCTGCCAC","barcode435364ABE130GEX",154271,"0.01%"
"GTAGAGCCAAAGACCATCGG","barcode435362ABE128GEX",153610,"0.01%"
"TTGGTTCCGGTCCTCGAATC","undecoded",153305,"0.01%"
"CGAATATTCGTGCTTCCAGG","undecoded",149816,"0.01%"
"ATCCACGGAGGCGAGAACGT","undecoded",149303,"0.01%"
"AAGTGTGAAGGTGTACACTA","undecoded",149221,"0.01%"
"TACCAATTCGCTACTAGAGT","undecoded",148635,"0.01%"
"GATCGATGTGCATTCCGTCA","undecoded",148100,"0.01%"
"GGTGCGGTGGATTGACAGTC","undecoded",147191,"0.01%"
"ACCTACGCGGCAACATCCTG","undecoded",146226,"0.01%"
"TGTGCGGTGGATTGACAGTC","undecoded",145823,"0.01%"
"GCCCTGACGGGAGTGACCTA","undecoded",145445,"0.01%"
"TAACCATTCGCTACTAGAGT","undecoded",143446,"0.01%"
"GCCCTTGAGGGAGTGACCTA","barcode435316ABE118GEX",142871,"0.01%"
"TTTCGTATACACCACACTAG","barcode435336ABE120TCR",142286,"0.01%"
"GAAGTAAGAGCTAGAGGTCA","undecoded",136059,"0.01%"
"ACCTACCGCACAACATCCTG","barcode435365ABE131GEX",134685,"0.01%"
"GAATATTCGGTTGCTTCCAG","undecoded",133321,"0.01%"
"AGTTGCCGGGTGTTAAACCG","undecoded",131430,"0.01%"
"CCCTGATAAGTAGAGCCTTT","undecoded",131114,"0.01%"
"CCCTGACGGGGTTACGGGCT","barcode435366ABE132GEX",127600,"0.01%"
"CAGTAAAGTGAGGGCGTTCA","undecoded",127583,"0.01%"
"CCCTGACAGGTACGGGCTGT","undecoded",127284,"0.01%"
"TTGTCCCGGATGCATTCACG","undecoded",127063,"0.01%"
"ACAGGCTACGATAGATGCTC","undecoded",126829,"0.01%"
"TGGGATTGTGTTGTGATATG","undecoded",126824,"0.01%"
"GCGACGTGATATCCTGACCT","barcode435333ABE117TCR",126534,"0.01%"
"GCAGGTTATCGTTCTAATGG","undecoded",126107,"0.01%"
"GACCTTGACGGAGTGACCTA","barcode435316ABE118GEX",125302,"0.01%"
"CTATACTGCGGTGCACGGAA","undecoded",125133,"0.01%"
"TGGGTTCCGGTCCTCGAATC","undecoded",124617,"0.01%"
"TCATCGGAAGGTGCCCGACA","undecoded",122962,"0.01%"
"TCATGAGAAGGTGCCCGACA","undecoded",120132,"0.01%"
"CGAATATCGGTTGCTTCCAG","undecoded",120037,"0.01%"
"GCAAGTAAGGCTAGAGGTCA","barcode435308ABE110GEX",119084,"0.01%"
"CGTGCGTGTCATGTTCATAG","barcode435320ABE104TCR",118626,"0.01%"
"TGGTGCGGGGATTGACAGTC","barcode435315ABE117GEX",117857,"0.01%"
"ACGTAAAGTGAGGGCGTTCA","undecoded",117839,"0.01%"
"ATCTTGACGGCCTGAGTTGC","barcode435317ABE119GEX",117296,"0.01%"
"CACGTAAAGTAGGGCGTACA","barcode435305ABE107GEX",117224,"0.01%"
"TTCACCCATGAATTCCCAAG","undecoded",115620,"0.01%"
"TAAGTGCGGGAGAATACAGG","barcode435360ABE126GEX",114070,"0.01%"
"ACCCGAACCGCTCCTGCCAC","barcode435364ABE130GEX",114026,"0.01%"
"ATCTTGAGAGCCTGAGTTGC","undecoded",114010,"0.01%"
"ATCCAAGGAGGCGAGAACGT","undecoded",113783,"0.01%"
"GCAGTTATCGGTTTCTAATG","undecoded",113250,"0.01%"
"TGTCCCGGAGTGGCATTCAC","undecoded",113008,"0.01%"
"GCAAGTAAAGCTAGAGGTCA","undecoded",110747,"0.01%"
"GTTGTGTGGTCCTAGTTCCT","barcode435331ABE115TCR",110739,"0.01%"
"ATGCGTGGTGTAACCTGAAT","barcode435357ABE123GEX",109778,"0.01%"
"AAGTGCGCGGAGAATACAGG","undecoded",109389,"0.01%"
"CCCTGAAGGGGTTACGGGCT","undecoded",109041,"0.01%"
"ATCTGACGAGCCTGAGTTGC","undecoded",108814,"0.01%"
"GATGATTGTGCATTCCGTCA","undecoded",107921,"0.01%"
"TTTCACCCATAATCCCAAGG","undecoded",107885,"0.01%"
"GTAGAGCCTAAGACCATCGG","barcode435362ABE128GEX",107662,"0.01%"
"ATCTTGACAGCCTGAGTTGC","undecoded",106813,"0.01%"
"ATGCGTGTTGTAACCTGAAT","undecoded",106711,"0.01%"
"CCCTGACAGGGTACGGGCTG","undecoded",106640,"0.01%"
"GTTGTTTGGTCCTAGTTCCT","barcode435331ABE115TCR",106231,"0.01%"
"TATCGAGAAGGTGCCCGACA","undecoded",106003,"0.01%"
"CCCAGACAGGGTTACGGGCT","barcode435366ABE132GEX",103737,"0.00%"
"GCAGGTATCGGTTTCTAATG","undecoded",103075,"0.00%"
"TTTACCCATGAATTCCCAAG","undecoded",102840,"0.00%"
"TCATCAGAAGGTGCCCGACA","undecoded",100353,"0.00%"
"GAAAGTAAGACTAGAGGTCA","barcode435308ABE110GEX",100316,"0.00%"
"CCATTCGATGCGACACTTGT","undecoded",100290,"0.00%"
"CCTATACTGGGTGCACGGAA","barcode435356ABE122GEX",100215,"0.00%"
"ACCTACCGGGCAACATCCTG","barcode435365ABE131GEX",99580,"0.00%"
"GTAGAGCCCAAGACCATCGG","barcode435362ABE128GEX",99001,"0.00%"
"GCCCTTACGGGAGTGACCTA","undecoded",98287,"0.00%"
"TGGGATTGTGTGTGGATATG","undecoded",96940,"0.00%"
"CAGTGCCGGGTGTTAAACCG","undecoded",96864,"0.00%"
"GAGGTTATCGGTTTCTAATG","undecoded",96259,"0.00%"
"GTAGAGCCGGAGACCATCGG","barcode435362ABE128GEX",96104,"0.00%"
"GCCCTTGCGGGAGTGACCTA","undecoded",95021,"0.00%"
"CCCTAGTAAGTAGAGCCTTT","undecoded",94868,"0.00%"
"TCATCGAAAGGTGCCCGACA","undecoded",94534,"0.00%"
"TGGGATTTGGTTGTGGATAT","undecoded",93913,"0.00%"
"TTGGGTGGGGAAGCGGAGGT","undecoded",93798,"0.00%"
"GCGGTTATCGGTTTCTAATG","undecoded",93237,"0.00%"
"CCCAAGATAATAGAGCCTTT","barcode435306ABE108GEX",93054,"0.00%"
"AAACCATTTGTCCCACCCTC","undecoded",93020,"0.00%"
"AAACCATTCTCCCACCCTCG","undecoded",92964,"0.00%"
"TGGTGGGTGGATTGACAGTC","undecoded",92938,"0.00%"
"AACCAATTCGCTACTAGAGT","undecoded",92769,"0.00%"
"ACTACCGCGGCAACATCCTG","undecoded",92768,"0.00%"
"TGGGATTGGGTTGTGGATAT","barcode435303ABE105GEX",92560,"0.00%"
"CAGTTGCCGGTGTAAACCGG","undecoded",92501,"0.00%"
"TTGTGGGGGGAAGCGGAGGT","barcode435358ABE124GEX",92093,"0.00%"
"CCATTGCATGCGACACTTGT","undecoded",91357,"0.00%"
"ACCTACCGCTCAACATCCTG","barcode435365ABE131GEX",91054,"0.00%"
"CCCTAATAAGTAGAGCCTTT","undecoded",90990,"0.00%"
"CAATATTCGGTTGCTTCCAG","undecoded",90494,"0.00%"
"TTTCACCCTGAATTCCCAAG","undecoded",90183,"0.00%"
"CCATAAGCGGCTAGCCAGGC","barcode435359ABE125GEX",89249,"0.00%"
"GAAGGTTATCGTTTCTAATG","barcode435313ABE115GEX",88113,"0.00%"
"GATCGATTGGCATTCCGTCA","barcode435314ABE116GEX",87879,"0.00%"
"GCCCATGACGGAGTGACCTA","barcode435316ABE118GEX",87864,"0.00%"
"CCCTGACAGGGTTACGGCTG","undecoded",87802,"0.00%"
"CACGTAAAGGAGGGCGTTCA","barcode435305ABE107GEX",87685,"0.00%"
"ATCTTGCGAGCCTGAGTTGC","undecoded",87442,"0.00%"
"GTTGTATGGTCCTAGTTCCT","barcode435331ABE115TCR",87356,"0.00%"
"AAACCATTCGTCCCACCCTC","barcode435301ABE103GEX",87114,"0.00%"
"AAACCATCTGTCCCACCCTC","undecoded",86513,"0.00%"
"CAGTTGCCGGGTTAAACCGG","undecoded",86317,"0.00%"
"CCCTGCAGGGGTTACGGGCT","undecoded",85842,"0.00%"
"GATCGATTTGCATTCCGTCA","undecoded",83967,"0.00%"
"CCCAGATAAGTAGAGCCTTT","undecoded",83627,"0.00%"
"AAGGTGTAAGGTGTACACTA","undecoded",83019,"0.00%"
"CCGTAGATAATAGAGCCTTT","barcode435306ABE108GEX",82717,"0.00%"
"TTGTGGTGGGAAGCGGGGGT","barcode435358ABE124GEX",81998,"0.00%"
"CCCGTAAAGTAGGGCGTTCA","barcode435305ABE107GEX",81771,"0.00%"
"AAGGGCTACGATAGATGCTC","undecoded",80758,"0.00%"
"TTTCACCCAGAATTCCCAAG","barcode435309ABE111GEX",80682,"0.00%"
"ACAGGGCTACATAGATGCAC","barcode435361ABE127GEX",80678,"0.00%"
"CATCGAGAAGGTGCCCGACA","undecoded",80043,"0.00%"
"ATCTTACGAGCCTGAGTTGC","undecoded",80040,"0.00%"
"GATCATTGTGCATTCCGTCA","undecoded",79745,"0.00%"
"CACGAAAGTGAGGGCGTTCA","undecoded",78407,"0.00%"
"TCAACGAGAAGTGCCCGACA","barcode435355ABE121GEX",78394,"0.00%"
"CCCTAGATAAAGAGCCTTTG","undecoded",78035,"0.00%"
"ACCTACCGCCCAACATCCTG","barcode435365ABE131GEX",77713,"0.00%"
"CCCTACAGGGGTTACGGGCT","undecoded",76797,"0.00%"
"CCCTAGAAAGTAGAGCCTTT","undecoded",76674,"0.00%"
"TAACCAATCGCTACTAGAGT","undecoded",76588,"0.00%"
"TGGGTTGTGGTTGTGGATAT","undecoded",76158,"0.00%"
"ATCCAACGGCGCGAGAACGT","barcode435363ABE129GEX",76008,"0.00%"
"ACGGGCTACGATAGATGCTC","undecoded",75777,"0.00%"
"CACGTAAATGAGGGCGTTCA","undecoded",74772,"0.00%"
"CTCGCAAGAGGATGAAGATA","barcode435335ABE119TCR",74539,"0.00%"
"CCCTAGATAATAAGCCTTTG","undecoded",74475,"0.00%"
"CGTTGCCGGGTGTTAAACCG","undecoded",74451,"0.00%"
"TCATCGAGAAGAGCCCGACA","barcode435355ABE121GEX",73803,"0.00%"
"GGAAGTAAGACTAGAGGTCA","barcode435308ABE110GEX",73670,"0.00%"
"TTTGGTGGGGAAGCGGAGGT","undecoded",73659,"0.00%"
"ATGGTGGTTGTAACCTGAAT","undecoded",73481,"0.00%"
"TTGTCCCGGAGGCATTCACG","undecoded",73321,"0.00%"
"CCATTCGCAGCGACACTTGT","barcode435302ABE104GEX",73198,"0.00%"
"GTCCTTGACGGAGTGACCTA","barcode435316ABE118GEX",72914,"0.00%"
"AAACCATTCTTCCCACCTCG","undecoded",72769,"0.00%"
"GCAAGAAGAGCTAGAGGTCA","undecoded",72565,"0.00%"
"CCCTGACAGGGATACGGGCT","barcode435366ABE132GEX",72202,"0.00%"
"CCGTAAAGTGAGGGCGTTCA","undecoded",70145,"0.00%"
"CAGGTGGCCGGTCATGAATG","barcode435319ABE103TCR",69849,"0.00%"
"CCATTCGCTGCGACACTTGT","undecoded",69704,"0.00%"
"ACAGGGCTAAATAGATGCTC","barcode435361ABE127GEX",69182,"0.00%"
"GTGAGCCGAGAGACCATCGG","undecoded",69112,"0.00%"
"ATTTGACGAGCCTGAGTTGC","undecoded",68956,"0.00%"
"GGCCTTGACGGAGTGACCTA","barcode435316ABE118GEX",68555,"0.00%"
"GTAGAGCCAGAGACCATCGG","undecoded",68551,"0.00%"
"TTGTGGTGGGAAGCGGCGGT","barcode435358ABE124GEX",68511,"0.00%"
"ACAGGGCTACATAATGCTCG","undecoded",68221,"0.00%"
"ATAACAGCTGCCCACGTACT","barcode435348ABE114ADT",67913,"0.00%"
"CAAGTAAGAGCTAGAGGTCA","undecoded",67639,"0.00%"
"TCAGTCGTAGGAGGGGGATG","barcode435380ABE122ADT",67636,"0.00%"
"AAGGTGGAAGGTGTACACTA","undecoded",66658,"0.00%"
"TGGTGCGGTGATTGACAGAC","barcode435315ABE117GEX",66328,"0.00%"
"CACTAAAGTGAGGGCGTTCA","undecoded",65867,"0.00%"
"CGAATTTCGGTTGCTTCCAG","undecoded",65863,"0.00%"
"TAAGTGGCGGAGAATACAGG","undecoded",65169,"0.00%"
"TGGTGCGGTGATGACAGTCG","undecoded",65080,"0.00%"
"CCGTTGCCGGTGTTAAACCG","barcode435304ABE106GEX",65033,"0.00%"
"TTGGGTTCCGCCTCGAATCG","undecoded",64930,"0.00%"
"CGAATATTCGTTGCTCCAGG","undecoded",64889,"0.00%"
"CCATAAGGCGCTAGCCAGGC","undecoded",64558,"0.00%"
"CCTATATGCGGTGCACGGAA","undecoded",64358,"0.00%"
"TTGGGTTCCATCCTCGAATC","barcode435307ABE109GEX",64083,"0.00%"
"GATCGTTGTGCATTCCGTCA","undecoded",63930,"0.00%"
"AAGGTGTGAAGTACACTAGT","undecoded",63789,"0.00%"
"CCCTGACAGGTTAGGGTCGT","undecoded",63612,"0.00%"
"TGGTCGGTGGATTGACAGTC","undecoded",63145,"0.00%"
"ATTCACCCATAATTCCCAAG","barcode435309ABE111GEX",63092,"0.00%"
"ACCCAACCAGCTCCTGCCAC","undecoded",62788,"0.00%"
"CCAATACTGCGTGCACGGAA","barcode435356ABE122GEX",62716,"0.00%"
"GCAATAAGAGCTAGAGGTCA","undecoded",62671,"0.00%"
"TGGAGCGGTGATTGACAGTC","barcode435315ABE117GEX",62668,"0.00%"
"CCCGACAGGGGTTACGGGCT","undecoded",62524,"0.00%"
"CATATACTGCGTGCACGGAA","barcode435356ABE122GEX",62286,"0.00%"
"CCAAAAGCGCCTAGCCAGGC","barcode435359ABE125GEX",61973,"0.00%"
"CAGGTGGGCGGTCATGAATG","barcode435319ABE103TCR",61902,"0.00%"
"ATGCGTGGTATAACCTGAAT","barcode435357ABE123GEX",61706,"0.00%"
"TAAGTGCGCGAAATACAGGG","undecoded",61474,"0.00%"
"ATAACAGCTGCACACGTACT","barcode435348ABE114ADT",61447,"0.00%"
"ATCATGACGACCTGAGTTGC","barcode435317ABE119GEX",61392,"0.00%"
"GTAGGTTATCGTTTCTAATG","barcode435313ABE115GEX",61245,"0.00%"
"TTTCACGCATAATTCCCAAG","barcode435309ABE111GEX",61022,"0.00%"
"TTGTCCCCGATGGCATTCAC","barcode435311ABE113GEX",60724,"0.00%"
"CGAATATTCGTTCTTCCAGG","undecoded",60696,"0.00%"
"GCGACGTAATATCCTGACCT","barcode435333ABE117TCR",60402,"0.00%"
"AACCCTTTGACCCAGTAATC","barcode435383ABE125ADT",59883,"0.00%"
"CGAAATTCGGTTGCTTCCAG","undecoded",59838,"0.00%"
"CCATCGCATGCGACACTTGT","undecoded",59746,"0.00%"
"CCTAAGCGCGCTAGCCAGGC","undecoded",59693,"0.00%"
"GCAGGTTTCGGTTTCTAATG","undecoded",59561,"0.00%"
"TACCGAAGGGAAATCGTTGG","barcode435378ABE132TCR",58895,"0.00%"
"TTTCACTCATAATTCCCAAG","barcode435309ABE111GEX",58816,"0.00%"
"TAAGTGCGCAAGAATACAGG","barcode435360ABE126GEX",58136,"0.00%"
"CCAAAGCGCGCTAGCCAGGC","undecoded",58080,"0.00%"
"TTTCACACATAATTCCCAAG","barcode435309ABE111GEX",58026,"0.00%"
"ATGCGGGTTGTAACCTGAAT","undecoded",57820,"0.00%"
"AAGGGTGAAGGTGTACACTA","undecoded",57769,"0.00%"
"AAGGTTGAAGGTGTACACTA","undecoded",57638,"0.00%"
"CCTATACGCGGTGCACGGAA","undecoded",57417,"0.00%"
"TTGGGTCCGGTCCTCGAATC","undecoded",57248,"0.00%"
"ACAGGGCTACATAGATCTCG","undecoded",57165,"0.00%"
"ATGCGTGGTTAACCTGAATG","undecoded",57122,"0.00%"
"ATCTTGACAACCTGAGTTGC","barcode435317ABE119GEX",56948,"0.00%"
"ATCTTGACGACTGAGTTGCG","undecoded",56912,"0.00%"
"TTCCGCTCGTGTTAGTTGTT","barcode435390ABE132ADT",56571,"0.00%"
"GTAGAGCCGAAACCATCGGG","undecoded",56487,"0.00%"
"AAACCATTCTTCCCACCCTG","barcode435301ABE103GEX",56435,"0.00%"
"ACCCGAACCATCCTGCCACG","undecoded",55879,"0.00%"
"TCAGTCGTGGGAGGGCGATG","barcode435380ABE122ADT",55740,"0.00%"
"GCAAGTAAGACAAGAGGTCA","barcode435308ABE110GEX",55144,"0.00%"
"GTAAGTAAGACTAGAGGTCA","barcode435308ABE110GEX",55048,"0.00%"
"CCCTAGATAATAGAGCCTTG","barcode435306ABE108GEX",54675,"0.00%"
"TTTCCCCATGAATTCCCAAG","undecoded",54670,"0.00%"
"ACCCGAACCACCCCTGCCAC","barcode435364ABE130GEX",54607,"0.00%"
"CCATTCCATGCGACACTTGT","undecoded",54571,"0.00%"
"TGAATCATGACGACTCCTAC","barcode435322ABE106TCR",54454,"0.00%"
"AAGGTGTGAAGTGTACAATA","barcode435312ABE114GEX",54102,"0.00%"
"TCATCGAGAATGCCCGACAG","undecoded",54030,"0.00%"
"ATCGATTGTGCATTCCGTCA","undecoded",53962,"0.00%"
"AAACCTTCTGTCCCACCCTC","undecoded",53865,"0.00%"
"GCAGGTTACGGTTTCTAATG","undecoded",53820,"0.00%"
"TTGACCCGGATGGCATTCAC","barcode435311ABE113GEX",53455,"0.00%"
"CCCAACGTGATGGAGGAAAG","barcode435353ABE119ADT",53211,"0.00%"
"ATCCAACGGACGAGAACGTG","undecoded",53055,"0.00%"
"TCATCGAGAAGGCCCGACAG","undecoded",52829,"0.00%"
"TGGTGCGGCGATTGACAGTC","barcode435315ABE117GEX",52756,"0.00%"
"AAAAAAAAAAAAAAAAAAAA","undecoded",52655,"0.00%"
"TGGGCGGTGGATTGACAGTC","undecoded",52598,"0.00%"
"GCTCGATTGTCATTCCGTCA","barcode435314ABE116GEX",52450,"0.00%"
"CCCTGACAGGTTACGGGCTG","undecoded",52285,"0.00%"
"CCCTAGATAATAGACCTTTG","undecoded",52065,"0.00%"
"TTGGGTTGCGTCCTCGAATC","barcode435307ABE109GEX",52038,"0.00%"
"CCTATACTCGGTGCACGGAA","undecoded",51972,"0.00%"
"ATGCTGGTTGTAACCTGAAT","undecoded",51685,"0.00%"
"TGGGATTGTGTTTGGATATG","undecoded",51341,"0.00%"
"ACAGGGTACGATAGATGCTC","undecoded",51065,"0.00%"
"TCTCGAGAAGGTGCCCGACA","undecoded",50653,"0.00%"
"TTGTCCCGGCTGGCATTCAC","barcode435311ABE113GEX",50650,"0.00%"
"CGTATACTGCGTGCACGGAA","barcode435356ABE122GEX",50635,"0.00%"
"CAGTTCCGGGTGTTAAACCG","undecoded",50592,"0.00%"
"AAACCAATTCCTACTAGAGT","barcode435318ABE120GEX",50579,"0.00%"
"ACCTACCCGGCAACATCCTG","undecoded",50501,"0.00%"
"ACCAACCGCGCAACATCCTG","barcode435365ABE131GEX",50253,"0.00%"
"TTTCACCCATAATTCCAAGG","undecoded",50232,"0.00%"
"GGAGGTTATCGTTTCTAATG","barcode435313ABE115GEX",49999,"0.00%"
"CCTTACTGCGGTGCACGGAA","undecoded",49954,"0.00%"
"TGCGGCCCATGAGGAATCAG","barcode435324ABE108TCR",49920,"0.00%"
"GCGACGTTATATCCTGACCT","barcode435333ABE117TCR",49822,"0.00%"
"CCTATCTGCGGTGCACGGAA","undecoded",49655,"0.00%"
"TCATCGAGAAGTCCCGACAG","undecoded",49589,"0.00%"
"ACAGGGCTCGATAGATGCTC","undecoded",49501,"0.00%"
"TAAGTGCCGGAGAATACAGG","undecoded",49482,"0.00%"
"GCCCTTGACGGAGTACCTAG","undecoded",49050,"0.00%"
"GCCGGTTATCGTTTCTAATG","barcode435313ABE115GEX",48930,"0.00%"
"TGGTGCGGTGATTACAGTCG","undecoded",48654,"0.00%"
"CAGGGCTACGATAGATGCTC","undecoded",48424,"0.00%"
"GCAGGTTATAGTTTCTAATG","barcode435313ABE115GEX",48343,"0.00%"
"ACATCGAGAAGTGCCCGACA","barcode435355ABE121GEX",48341,"0.00%"
"ATGTTGACGACCTGAGTTGC","barcode435317ABE119GEX",48327,"0.00%"
"GCCCTTGACGAGTGACCTAG","undecoded",48212,"0.00%"
"AGGGATTGTGTTGTGGATAT","barcode435303ABE105GEX",48093,"0.00%"
"CCATAGATAATAGAGCCTTT","barcode435306ABE108GEX",47966,"0.00%"
"AACCCTTTGACACAGTAATC","barcode435383ABE125ADT",47887,"0.00%"
"ATCGTGGTTGTAACCTGAAT","undecoded",47820,"0.00%"
"GTGTCAATAAATCAGTTCGG","barcode435341ABE107ADT",47777,"0.00%"
"AAGGTGTGAAGAGTACACTA","barcode435312ABE114GEX",47697,"0.00%"
"TTGTGGTGGGAGCGGAGGTG","undecoded",47426,"0.00%"
"AAACCATTCTTCCACCCTCG","undecoded",47401,"0.00%"
"CAGGTTATCGGTTTCTAATG","undecoded",47248,"0.00%"
"TCTTGACGAGCCTGAGTTGC","undecoded",47222,"0.00%"
"ATCCAACGGTGCGAGAACGT","barcode435363ABE129GEX",47074,"0.00%"
"TGCGTGGTTGTAACCTGAAT","undecoded",47055,"0.00%"
"CCATAAGCGCCAAGCCAGGC","barcode435359ABE125GEX",46912,"0.00%"
"ACCCGAACCACGCCTGCCAC","barcode435364ABE130GEX",46828,"0.00%"
"AAACCATTCTTCCCACCCAC","barcode435301ABE103GEX",46810,"0.00%"
"TAATCGAGAAGTGCCCGACA","barcode435355ABE121GEX",46482,"0.00%"
"CAGTTGCCGGTTTAAACCGG","undecoded",46474,"0.00%"
"ACAGGGCTACAAAGATGCTC","barcode435361ABE127GEX",46430,"0.00%"
"GTCGATTGTGCATTCCGTCA","undecoded",46394,"0.00%"
"CAGTTGCCGGTGTTAACCGG","undecoded",46332,"0.00%"
"TTGTGGTGGGAACGGAGGTG","undecoded",46079,"0.00%"
"CCATAAGCCGCTAGCCAGGC","undecoded",45989,"0.00%"
"CCTATACTGCGCGCGGAAGT","undecoded",45929,"0.00%"
"AAACCATTCTTCCCACCCCG","undecoded",45905,"0.00%"
"AGCGTGGTTGTAACCTGAAT","undecoded",45785,"0.00%"
"TAAGTCGCGGAGAATACAGG","undecoded",45752,"0.00%"
"TAACCAATTCCAACTAGAGT","barcode435318ABE120GEX",45724,"0.00%"
"GTAAGCCGAGAGACCATCGG","undecoded",45720,"0.00%"
"GAGAGCCGAGAGACCATCGG","undecoded",45712,"0.00%"
"GTAGGCCGAGAGACCATCGG","undecoded",45367,"0.00%"
"TTGGGTTCCGTCCTCGAAAC","barcode435307ABE109GEX",44890,"0.00%"
"CACGTAAAGTGGGCGTTCAG","undecoded",44888,"0.00%"
"TGTGCACCCAATGATGGATG","barcode435382ABE124ADT",44738,"0.00%"
"CTTCTACTTAAGGAAACGGG","barcode435387ABE129ADT",44616,"0.00%"
"GCAAGTAAGACTAGAGTCAG","undecoded",44237,"0.00%"
"ATCCAACGGAGCGAGAACGA","barcode435363ABE129GEX",44138,"0.00%"
"CCTATACTGCTGCACGGAAG","undecoded",44091,"0.00%"
"GCCATTGACGGAGTGACCTA","barcode435316ABE118GEX",43985,"0.00%"
"GCAGGTTATCGATTCTAATG","barcode435313ABE115GEX",43972,"0.00%"
"GCAGGTTATCTTTCTAATGG","undecoded",43793,"0.00%"
"CACTGGGTCGGTTGGTGGGA","barcode435337ABE103ADT",43603,"0.00%"
"TTGTGGTGGAAAGCGGAGGT","barcode435358ABE124GEX",43537,"0.00%"
"GCCCTTGACGGTGTGACCTA","barcode435316ABE118GEX",43285,"0.00%"
"ACGGTGTGAAGTGTACACTA","barcode435312ABE114GEX",43252,"0.00%"
"CCGAAGATTAATTGATGGGT","barcode435385ABE127ADT",43161,"0.00%"
"TAAGGCGCGGAGAATACAGG","undecoded",43141,"0.00%"
"TTGAGGTGGGAAGCGGAGGT","barcode435358ABE124GEX",43057,"0.00%"
"CCTATACTGCGAGCACGGAA","barcode435356ABE122GEX",42840,"0.00%"
"TTGGGTTCCCTCCTCGAATC","barcode435307ABE109GEX",42822,"0.00%"
"CGTGCGTTTCATGTTCATAG","barcode435320ABE104TCR",42756,"0.00%"
"CCCTGACAAGGTTACGGGCT","barcode435366ABE132GEX",42275,"0.00%"
"CCATAACGCGCTAGCCAGGC","undecoded",42222,"0.00%"
"TGCGGCCCCTGAGGAATCAG","barcode435324ABE108TCR",41970,"0.00%"
"CACTGACAGGGTTACGGGCT","barcode435366ABE132GEX",41879,"0.00%"
"CCTTCGCATGCGACACTTGT","undecoded",41802,"0.00%"
"CCATTCGCATCGACACTTTG","undecoded",41793,"0.00%"
"TCGTGATAACGAGGTGTTGG","barcode435347ABE113ADT",41521,"0.00%"
"CCATTCGCATCGACACTGTG","undecoded",41426,"0.00%"
"CTCGCGCTATACTCGATGCA","barcode435367ABE121TCR",41397,"0.00%"
"CCATACTGCGGTGCACGGAA","undecoded",41333,"0.00%"
"CGTGCGTATCATGTTCATAG","barcode435320ABE104TCR",41123,"0.00%"
"TGGGATTGTGTAGTGGATAT","barcode435303ABE105GEX",41003,"0.00%"
"CCTAACTGCGGTGCACGGAA","undecoded",40885,"0.00%"
"ACCCTTGGAGAAAGGTAGTA","undecoded",40855,"0.00%"
"GCCCTTGACGGAGAGACCTA","barcode435316ABE118GEX",40806,"0.00%"
"AAACCATTGTTCCCACCCTC","barcode435301ABE103GEX",40436,"0.00%"
"ATCCAACGAAGCGAGAACGT","barcode435363ABE129GEX",40312,"0.00%"
"GACGATTGTGCATTCCGTCA","undecoded",40207,"0.00%"
"CTTCTACTTAAGGAAAGGCG","barcode435387ABE129ADT",40146,"0.00%"
"CCTATACTGCGTGCACGAAG","undecoded",40103,"0.00%"
"GCCCTAGACGGAGTGACCTA","barcode435316ABE118GEX",39908,"0.00%"
"GCGGGTTATCGTTTCTAATG","barcode435313ABE115GEX",39815,"0.00%"
"GATCGATTGTATTCCGTCAG","undecoded",39799,"0.00%"
"TCACGAGAAGGTGCCCGACA","undecoded",39754,"0.00%"
"TTGTCCCAGATGGCATTCAC","barcode435311ABE113GEX",39725,"0.00%"
"GCTGCAAGATTCGTTACTCG","barcode435340ABE106ADT",39717,"0.00%"
"ACCTCCGCGGCAACATCCTG","undecoded",39707,"0.00%"
"GCCCTTGACGGATGACCTAG","undecoded",39536,"0.00%"
"CCCGAACCAGCTCCTGCCAC","undecoded",39523,"0.00%"
"CGAATATTCGTAGCTTCCAG","barcode435310ABE112GEX",39353,"0.00%"
"TAATGCGCGGAGAATACAGG","undecoded",39173,"0.00%"
"TCATCGAGAAGTGCCGACAG","undecoded",39088,"0.00%"
"TTCCGCTCGTCCTAGTTGTT","barcode435390ABE132ADT",39032,"0.00%"
"GCAGGTTATCGTTTCAATGG","undecoded",38983,"0.00%"
"ATATCCTGTCCCCATTTCAA","barcode435332ABE116TCR",38968,"0.00%"
"CTTATACTGCGTGCACGGAA","barcode435356ABE122GEX",38808,"0.00%"
"ATCCAACGGAGCGAGAAAGT","barcode435363ABE129GEX",38775,"0.00%"
"TTGGGTTCCTTCCTCGAATC","barcode435307ABE109GEX",38462,"0.00%"
"ATCTTGACCACCTGAGTTGC","barcode435317ABE119GEX",38162,"0.00%"
"AAAGGGCTACATAGATGCTC","barcode435361ABE127GEX",38046,"0.00%"
"TAAGTGCGCTAGAATACAGG","barcode435360ABE126GEX",37825,"0.00%"
"GCGAACTATGAGTTAGGAAA","barcode435345ABE111ADT",37681,"0.00%"
"ACCCGCACCACTCCTGCCAC","barcode435364ABE130GEX",37461,"0.00%"
"ATGGGTTCCGTCCTCGAATC","barcode435307ABE109GEX",37229,"0.00%"
"TGGTAGTCGTTTAGGTCGTG","undecoded",37166,"0.00%"
"TCAGTAGTGCAAGCGTAGTG","barcode435339ABE105ADT",37095,"0.00%"
"TTTCACCCATATTCCCAAGG","undecoded",36800,"0.00%"
"ACAGGGCACGATAGATGCTC","undecoded",36741,"0.00%"
"CATTGCCGGGTGTTAAACCG","undecoded",36575,"0.00%"
"AACCGAACCACTCCTGCCAC","barcode435364ABE130GEX",36559,"0.00%"
"CACGTAAAGTAGGGGGTTCA","barcode435305ABE107GEX",36508,"0.00%"
"ATCTTGACGACCTGAGTGCG","undecoded",36491,"0.00%"
"CCTATACTGCGGCACGGAAG","undecoded",36381,"0.00%"
"GATCTTGCATTCAGAGGGGT","barcode435351ABE117ADT",36335,"0.00%"
"GCCAGTAAGACTAGAGGTCA","barcode435308ABE110GEX",36298,"0.00%"
"TAAGTGCGCGAGAAACAGGG","undecoded",36211,"0.00%"
"TCGGATTGTGTTGTGGATAT","barcode435303ABE105GEX",36082,"0.00%"
"TTGGCTTCCGTCCTCGAATC","barcode435307ABE109GEX",36004,"0.00%"
"TTGTCCCGGTTGGCATTCAC","barcode435311ABE113GEX",35961,"0.00%"
"ATCCAACGGAGCGAGAACTG","undecoded",35801,"0.00%"
"GTGTCAATAAACCAGTTCGC","barcode435341ABE107ADT",35734,"0.00%"
"AGTCCCGCAAGCGATCGTCA","barcode435354ABE120ADT",35712,"0.00%"
"TGATCGAGAAGTGCCCGACA","barcode435355ABE121GEX",35324,"0.00%"
"AAAGTGCGCGAGAATACAGG","barcode435360ABE126GEX",35249,"0.00%"
"ACCTACCGCGCAACATCTGG","undecoded",35223,"0.00%"
"ACGATTGTAAGAACAATCTG","barcode435352ABE118ADT",35149,"0.00%"
"CCTATACTGCGTCACGGAAG","undecoded",35066,"0.00%"
"AAGGTGTGAATGTACACTAG","undecoded",35058,"0.00%"
"ATGCGTGGTCTAACCTGAAT","barcode435357ABE123GEX",34876,"0.00%"
"GCCCTTGACGGAGTGACCAA","barcode435316ABE118GEX",34819,"0.00%"
"CTCGCCTATGACTCGATGCA","undecoded",34739,"0.00%"
"ACCCGGACCACTCCTGCCAC","barcode435364ABE130GEX",34635,"0.00%"
"ACCAGCAAAGCCGGAATTTG","undecoded",34528,"0.00%"
"ATTCACCGTGAGTGACGAAC","barcode435328ABE112TCR",34513,"0.00%"
"CTCGCCAGAGGATGAAGATA","barcode435335ABE119TCR",34458,"0.00%"
"TGGGATTGTGTTGAGGATAT","barcode435303ABE105GEX",34200,"0.00%"
"ACAGGGCTACATAGATGATC","barcode435361ABE127GEX",34164,"0.00%"
"GATCGATTGTCATCCGTCAG","undecoded",34033,"0.00%"
"GTAGAGCCGAAGCCCATCGG","barcode435362ABE128GEX",33993,"0.00%"
"GATCGATTGTCATACCGTCA","barcode435314ABE116GEX",33921,"0.00%"
"TGGGATTGTATTGTGGATAT","barcode435303ABE105GEX",33754,"0.00%"
"ATGTCCCGGATGGCATTCAC","barcode435311ABE113GEX",33697,"0.00%"
"TCAGTAGTGCAACGGTAGTG","barcode435339ABE105ADT",33375,"0.00%"
"ACCACCGCGGCAACATCCTG","undecoded",33354,"0.00%"
"AAGGTGTGAAGTGTACACAA","barcode435312ABE114GEX",33327,"0.00%"
"AAGGTGTGAAGTTACACTAG","undecoded",33301,"0.00%"
"TGGGATTGTGTTGTGGATAG","barcode435303ABE105GEX",33249,"0.00%"
"ATCTTGACGACCTGAGTTCG","undecoded",33123,"0.00%"
"TGGGATTGTGTTGGGATATG","undecoded",33069,"0.00%"
"CCCTAGATAATAGAGGCTTT","barcode435306ABE108GEX",33029,"0.00%"
"GCCCTTGACGGAGTGACATA","barcode435316ABE118GEX",32964,"0.00%"
"ACTAATGGTTCCCGAGATAC","barcode435346ABE112ADT",32888,"0.00%"
"CAGTTGCCGGTGTTAAACGG","barcode435304ABE106GEX",32795,"0.00%"
"TAGAGCCGAGAGACCATCGG","undecoded",32775,"0.00%"
"GCCCCTGACGGAGTGACCTA","barcode435316ABE118GEX",32707,"0.00%"
"GCGCTTGACGGAGTGACCTA","barcode435316ABE118GEX",32702,"0.00%"
"TTGTGGTGGGAAGCGAGGTG","undecoded",32684,"0.00%"
"TCGTGATACGGAGGTGTTGC","undecoded",32624,"0.00%"
"ACTTACCCGGCTTAGTGCTA","barcode435375ABE129TCR",32603,"0.00%"
"TGGCATTGTGTTGTGGATAT","barcode435303ABE105GEX",32503,"0.00%"
"TTGTGGTGGGAAGCGGTGGT","barcode435358ABE124GEX",32438,"0.00%"
"GATCGAATGTCATTCCGTCA","barcode435314ABE116GEX",32405,"0.00%"
"ATCTTGACTACCTGAGTTGC","barcode435317ABE119GEX",32344,"0.00%"
"CGAATATTCGTTGATTCCAG","barcode435310ABE112GEX",32341,"0.00%"
"GATCGATTGTCATTCCGACA","barcode435314ABE116GEX",32209,"0.00%"
"TTTATGCAGGAAGCCCTGAT","barcode435321ABE105TCR",32004,"0.00%"
"ACAGGGCTACAAGATGCTCG","undecoded",31980,"0.00%"
"TCCAACGGAGGCGAGAACGT","undecoded",31919,"0.00%"
"AACCCTTTGAGTCAGTAATC","barcode435383ABE125ADT",31915,"0.00%"
"TGACTCTCAGCTACCAGGTT","barcode435373ABE127TCR",31777,"0.00%"
"TGCGGCCCGTGAGGAATCAG","barcode435324ABE108TCR",31688,"0.00%"
"GCAGGTTATTGTTTCTAATG","barcode435313ABE115GEX",31687,"0.00%"
"ACTTACCGCGCTTAGTGCTA","undecoded",31686,"0.00%"
"TTGTGGTGGGAAGGGGAGGT","barcode435358ABE124GEX",31552,"0.00%"
"TTGTCCCGGATGGCATCACG","undecoded",31496,"0.00%"
"TAAGTGCGCGAGATACAGGG","undecoded",31389,"0.00%"
"TCATCGAAAAGTGCCCGACA","barcode435355ABE121GEX",31340,"0.00%"
"GTGGTTCTATGATAGGTTAG","barcode435344ABE110ADT",31144,"0.00%"
"GTGGTTCTATGTTAGCTTAG","barcode435344ABE110ADT",31003,"0.00%"
"TGGGATTGTGTTGTGGATAA","barcode435303ABE105GEX",31002,"0.00%"
"TGGAATTGTGTTGTGGATAT","barcode435303ABE105GEX",30636,"0.00%"
"CCCTAGATAATAGAGCCTTA","barcode435306ABE108GEX",30600,"0.00%"
"ATCTTGACGACCTGAGTTGG","barcode435317ABE119GEX",30480,"0.00%"
"TCAGTCGTAGGAGGGCGAAG","barcode435380ABE122ADT",30413,"0.00%"
"CCATAAGCGCCTAGCCAGGG","barcode435359ABE125GEX",30394,"0.00%"
"CAGTTGCCCGTGTTAAACCG","barcode435304ABE106GEX",30365,"0.00%"
"GTAGAGCCGAAGGCCATCGG","barcode435362ABE128GEX",30325,"0.00%"
"TGTGCACCCAATGATGAATG","barcode435382ABE124ADT",30314,"0.00%"
"AATCAAACGTTCTCACAGTA","barcode435350ABE116ADT",30291,"0.00%"
"ATGTGGTGGGAAGCGGAGGT","barcode435358ABE124GEX",30193,"0.00%"
"AGTCCCGCAAGCGATGCTCA","barcode435354ABE120ADT",30166,"0.00%"
"CCCTAGATAATAGAGACTTT","barcode435306ABE108GEX",30134,"0.00%"
"TATCACCCATAATTCCCAAG","barcode435309ABE111GEX",30117,"0.00%"
"CAATAAGCGCCTAGCCAGGC","barcode435359ABE125GEX",30016,"0.00%"
"ACAGGGGCTAATAGATGCTC","undecoded",29983,"0.00%"
"TTGCGTTCCGTCCTCGAATC","barcode435307ABE109GEX",29982,"0.00%"
"TGGTGCGGTGAATGACAGTC","barcode435315ABE117GEX",29960,"0.00%"
"AATCAAACGTTCTCTGAGTA","barcode435350ABE116ADT",29829,"0.00%"
"GCTGCAAGATTCCTTAGTCG","barcode435340ABE106ADT",29691,"0.00%"
"AAACCATTCTACCCACCCTC","barcode435301ABE103GEX",29671,"0.00%"
"TAAGAGCGCGAGAATACAGG","barcode435360ABE126GEX",29564,"0.00%"
"TCATCGAGAAGTGACCGACA","barcode435355ABE121GEX",29555,"0.00%"
"CCAATCGCATCGACACTTGT","barcode435302ABE104GEX",29507,"0.00%"
"TTGTCGCGGATGGCATTCAC","barcode435311ABE113GEX",29486,"0.00%"
"TTCCGCTCGTCATAGTTGTT","barcode435390ABE132ADT",29465,"0.00%"
"TATTCGCCTGCGGAAAAGGG","barcode435379ABE121ADT",29433,"0.00%"
"ATAACAGCTGCGCACGTACT","barcode435348ABE114ADT",29372,"0.00%"
"CCATAAGCGCCTAGCCAGCG","undecoded",29348,"0.00%"
"CGAATATTCGTTGCTTCAGG","undecoded",29287,"0.00%"
"ACTTGACGAGCCTGAGTTGC","undecoded",29275,"0.00%"
"ACATTCGAGATCGCGAACGT","barcode435381ABE123ADT",29232,"0.00%"
"CTCTAGAGGGTCGTTGTATT","barcode435330ABE114TCR",29150,"0.00%"
"AAACCATACTTCCCACCCTC","barcode435301ABE103GEX",29109,"0.00%"
"ACCCGAACCACTCTGCCACG","undecoded",29104,"0.00%"
"AAGGTGTGAAGGTACACTAG","undecoded",29100,"0.00%"
"GCAAGTAAGAGTAGAGGTCA","barcode435308ABE110GEX",28964,"0.00%"
"AGGTGCGGTGATTGACAGTC","barcode435315ABE117GEX",28917,"0.00%"
"TTGTGGTCGGAAGCGGAGGT","barcode435358ABE124GEX",28882,"0.00%"
"CCTTAGATAATAGAGCCTTT","barcode435306ABE108GEX",28842,"0.00%"
"TTGGGTTCCGTCTCGAATCG","undecoded",28694,"0.00%"
"GCAGGATATCGTTTCTAATG","barcode435313ABE115GEX",28677,"0.00%"
"TTTCACCCATAATTCCCAGG","barcode435309ABE111GEX",28533,"0.00%"
"CCCTAGAAAATAGAGCCTTT","barcode435306ABE108GEX",28453,"0.00%"
"GTAGACCGAGAGACCATCGG","undecoded",28307,"0.00%"
"CTCGCACTATACTCGATGCA","barcode435367ABE121TCR",28246,"0.00%"
"TTTCCCGGAGTGGCATTCAC","undecoded",28237,"0.00%"
"TGGTAGTCGTTAGGGTCGTG","undecoded",28216,"0.00%"
"ACACCATTCTTCCCACCCTC","barcode435301ABE103GEX",28141,"0.00%"
"TTGTGGTGGGAAGAGGAGGT","barcode435358ABE124GEX",28127,"0.00%"
"CGAATATTCGTTGGTTCCAG","barcode435310ABE112GEX",28103,"0.00%"
"TCCCGAACCACTCCTGCCAC","barcode435364ABE130GEX",28013,"0.00%"
"TTGCGTGGTTTAACCTGAAT","barcode435357ABE123GEX",27890,"0.00%"
"CCGAAGATTAATTGATGGTT","barcode435385ABE127ADT",27826,"0.00%"
"TAACCAATTCCTACAGAGTG","undecoded",27783,"0.00%"
"GATCGATTGTCATTCGTCAG","undecoded",27776,"0.00%"
"AAGGTTGTTCGTACCAGTTG","barcode435349ABE115ADT",27732,"0.00%"
"AAGGTGTGAAGTGACACTAG","undecoded",27706,"0.00%"
"GTGTCAATAAAACAGTTCGC","barcode435341ABE107ADT",27641,"0.00%"
"TCGTGATAACGAGCTGTTGC","barcode435347ABE113ADT",27570,"0.00%"
"AAGGTGTAAAGTGTACACTA","barcode435312ABE114GEX",27540,"0.00%"
"GTGGTTCTATGCTAGGTTAG","barcode435344ABE110ADT",27535,"0.00%"
"CGAATATTCGTTGCTTCAAG","barcode435310ABE112GEX",27432,"0.00%"
"ACTGGGCTACATAGATGCTC","barcode435361ABE127GEX",27430,"0.00%"
"GCAGGTTATCGTTTCTATGG","undecoded",27396,"0.00%"
"CGAAAATTCGTTGCTTCCAG","barcode435310ABE112GEX",27303,"0.00%"
"TTCTTGACGACCTGAGTTGC","barcode435317ABE119GEX",27271,"0.00%"
"ACCCGAACCACTCCTGCACG","undecoded",27215,"0.00%"
"CAGTTGCCGATGTTAAACCG","barcode435304ABE106GEX",27161,"0.00%"
"ACCTTGGGAGAAAGGTAGTA","undecoded",27148,"0.00%"
"ACGATTGTAAGCACAATCTG","barcode435352ABE118ADT",27123,"0.00%"
"CACGTAAAATAGGGCGTTCA","barcode435305ABE107GEX",27049,"0.00%"
"TCAGTAGTGCAACCGTACTG","barcode435339ABE105ADT",27048,"0.00%"
"GCAGCTTATCGTTTCTAATG","barcode435313ABE115GEX",27017,"0.00%"
"AAGGTGTCAAGTGTACACTA","barcode435312ABE114GEX",26956,"0.00%"
"GTGTCAATAAATGAGTTCGC","barcode435341ABE107ADT",26949,"0.00%"
"TTGTCCCGGATGGAATTCAC","barcode435311ABE113GEX",26924,"0.00%"
"ACCCAGCAAGCCGGAATTTG","barcode435389ABE131ADT",26881,"0.00%"
"TTGGGTTCCGACCTCGAATC","barcode435307ABE109GEX",26803,"0.00%"
"CCTACCGCGGCAACATCCTG","undecoded",26781,"0.00%"
"GCCCTTGACGGAGTGACCTT","barcode435316ABE118GEX",26779,"0.00%"
"CGGATATTCGTTGCTTCCAG","barcode435310ABE112GEX",26753,"0.00%"
"AGCCGAACCACTCCTGCCAC","barcode435364ABE130GEX",26690,"0.00%"
"ACAGGGCTACATAGAGCTCG","undecoded",26685,"0.00%"
"TTGTGCCGGATGGCATTCAC","barcode435311ABE113GEX",26680,"0.00%"
"AACCACATGGTAAAGGAATC","undecoded",26648,"0.00%"
"TGGGATTGTGTTGTGGAAAT","barcode435303ABE105GEX",26647,"0.00%"
"GTAGAGCCGAAGACCATGGG","barcode435362ABE128GEX",26616,"0.00%"
"TTGGGTTACGTCCTCGAATC","barcode435307ABE109GEX",26588,"0.00%"
"ATCCAACGGAGCAGAACGTG","undecoded",26468,"0.00%"
"CACGAAAAGTAGGGCGTTCA","barcode435305ABE107GEX",26449,"0.00%"
"CCCTTGACGGGAGTGACCTA","undecoded",26432,"0.00%"
"ATGCGTGGTTTAACCTGAAA","barcode435357ABE123GEX",26399,"0.00%"
"CGAATATTCGTTTGCTTCCA","undecoded",26326,"0.00%"
"ATCTTGACGACCGAGTTGCG","undecoded",26324,"0.00%"
"CGCTGACAGGGTTACGGGCT","barcode435366ABE132GEX",26316,"0.00%"
"CCGGTAGCCAAATGAGTCAG","barcode435342ABE108ADT",26266,"0.00%"
"TTGCCCGGAGTGGCATTCAC","undecoded",26258,"0.00%"
"TATTCGCCTGCGGTAAACGG","barcode435379ABE121ADT",26227,"0.00%"
"AGTCCGCAAGGCGATCCTCA","undecoded",26215,"0.00%"
"TCATGGCATGGCATTACGTA","barcode435370ABE124TCR",26188,"0.00%"
"GGAATATTCGTTGCTTCCAG","barcode435310ABE112GEX",26187,"0.00%"
"TAAGTGCGCCAGAATACAGG","barcode435360ABE126GEX",26134,"0.00%"
"ACAGGGCAACATAGATGCTC","barcode435361ABE127GEX",26056,"0.00%"
"TCATCGAGAAGTGCCCCGAC","undecoded",26048,"0.00%"
"TTGTGGTAGGAAGCGGAGGT","barcode435358ABE124GEX",26036,"0.00%"
"AACTTGACGACCTGAGTTGC","barcode435317ABE119GEX",25987,"0.00%"
"CTCCCTCCATAATGGTTATG","undecoded",25964,"0.00%"
"CGATAAGCGCCTAGCCAGGC","barcode435359ABE125GEX",25908,"0.00%"
"GCACGGGCAGAATCTCACGC","barcode435374ABE128TCR",25830,"0.00%"
"TCGAACAAGTCACCCAACCA","barcode435338ABE104ADT",25811,"0.00%"
"TCAGGGCTACATAGATGCTC","barcode435361ABE127GEX",25790,"0.00%"
"TCGGGTTCCGTCCTCGAATC","barcode435307ABE109GEX",25756,"0.00%"
"AAGGTGTGAAGTGAACACTA","barcode435312ABE114GEX",25748,"0.00%"
"CTCCCTCATGAATGGGTTAT","undecoded",25729,"0.00%"
"GCAAGTAAGACAGAGGTCAG","undecoded",25700,"0.00%"
"GCACGGCAAGAATCTCACGC","undecoded",25689,"0.00%"
"TGGTGCGGTGATTGAAAGTC","barcode435315ABE117GEX",25593,"0.00%"
"CCCTGACAGGGTTACGGGCA","barcode435366ABE132GEX",25568,"0.00%"
"CGGGATTGTGTTGTGGATAT","barcode435303ABE105GEX",25535,"0.00%"
"ATGCGTGGTTTACCTGAATG","undecoded",25527,"0.00%"
"AGAGCTGGGGGTTTGGTGTC","undecoded",25504,"0.00%"
"AATCAAACGTTCTGTCAGTA","barcode435350ABE116ADT",25468,"0.00%"
"TTGTGGTGGTAAGCGGAGGT","barcode435358ABE124GEX",25427,"0.00%"
"ACCTACCGCGCAACATCCGG","barcode435365ABE131GEX",25366,"0.00%"
"CCCAGATCACGCGAGACAGT","barcode435343ABE109ADT",25365,"0.00%"
"TTGTGGTGGGAAGCGGAGGA","barcode435358ABE124GEX",25308,"0.00%"
"TTTAACCCATAATTCCCAAG","barcode435309ABE111GEX",25299,"0.00%"
"ACCCAGCAAAGCGGAATTTG","barcode435389ABE131ADT",25281,"0.00%"
"TCCTACCGCGCAACATCCTG","barcode435365ABE131GEX",25269,"0.00%"
"TAAGTGCGCGTGAATACAGG","barcode435360ABE126GEX",25191,"0.00%"
"GCTATACTGCGTGCACGGAA","barcode435356ABE122GEX",25128,"0.00%"
"ACCCGAACCACCCTGCCACG","undecoded",25100,"0.00%"
"AGTCCCGCAAGCGATCCTGA","barcode435354ABE120ADT",25094,"0.00%"
"CAGTTGCCAGTGTTAAACCG","barcode435304ABE106GEX",25043,"0.00%"
"AGTCCCGCAAGCGAACCTCA","barcode435354ABE120ADT",24990,"0.00%"
"GCTTTCGCTCTTGCTAAGGA","barcode435386ABE128ADT",24918,"0.00%"
"ATCTTGACGACCTAGTTGCG","undecoded",24879,"0.00%"
"TCACGCGTAAGAAGTTAGGG","barcode435369ABE123TCR",24702,"0.00%"
"GCAGGTTATCTTCTAATGGT","undecoded",24697,"0.00%"
"TTGGGATCCGTCCTCGAATC","barcode435307ABE109GEX",24662,"0.00%"
"CGAATTTTCGTTGCTTCCAG","barcode435310ABE112GEX",24597,"0.00%"
"TGGGATTGTTTTGTGGATAT","barcode435303ABE105GEX",24535,"0.00%"
"TAAACAATTCCTACTAGAGT","barcode435318ABE120GEX",24510,"0.00%"
"ACCAGGCAGGGCTATTGGTC","undecoded",24480,"0.00%"
"TAAGTGCGCGGAATACAGGG","undecoded",24384,"0.00%"
"TTTCACCCATAATACCCAAG","barcode435309ABE111GEX",24371,"0.00%"
"TGTGCACCCAAAGATGCATG","barcode435382ABE124ADT",24356,"0.00%"
"ACAGGGGTACATAGATGCTC","barcode435361ABE127GEX",24308,"0.00%"
"GCCCTTGACGGAGGACCTAG","undecoded",24275,"0.00%"
"GCTTTCGCTCTTGGAAAGGA","barcode435386ABE128ADT",24214,"0.00%"
"GTGTCATAAGATCAGTTCGC","undecoded",24209,"0.00%"
"CTCCCACCATAATGGGTTAT","barcode435323ABE107TCR",24187,"0.00%"
"GCATCTTGCTAGAAACACAA","barcode435368ABE122TCR",24110,"0.00%"
"TTGGGTTCCGTCCACGAATC","barcode435307ABE109GEX",24108,"0.00%"
"GCATCCCAGCGCAGTTAGTC","barcode435388ABE130ADT",24106,"0.00%"
"TCAGTGCGCGAGAATACAGG","barcode435360ABE126GEX",24086,"0.00%"
"ATCCAACGGAGGGAGAACGT","barcode435363ABE129GEX",24072,"0.00%"
"TTGGGGTTCCTCCTCGAATC","undecoded",24034,"0.00%"
"CACGTAAAAGAGGGCGTTCA","undecoded",24030,"0.00%"
"CCAATATTCGTTGCTTCCAG","barcode435310ABE112GEX",24000,"0.00%"
"CTCGCTCTATACTCGATGCA","barcode435367ABE121TCR",23985,"0.00%"
"ACCCGAACCACTCCGCCACG","undecoded",23965,"0.00%"
"TACGAAGGCGAAATCGTTGG","undecoded",23931,"0.00%"
"TCATGGCATAGCATTACGTA","barcode435370ABE124TCR",23876,"0.00%"
"AGAAGCTGGGGTTTGTGTCG","undecoded",23776,"0.00%"
"CACTAGATAATAGAGCCTTT","barcode435306ABE108GEX",23775,"0.00%"
"GCTGCAAGATTCCATACTCG","barcode435340ABE106ADT",23733,"0.00%"
"CACGTAAAGTTGGGCGTTCA","barcode435305ABE107GEX",23730,"0.00%"
"ATCCAACGGAGCGAGAACGG","barcode435363ABE129GEX",23728,"0.00%"
"ATTCACGTGGTGTGACGAAC","undecoded",23723,"0.00%"
"TTCCAACGGAGCGAGAACGT","barcode435363ABE129GEX",23723,"0.00%"
"TGGGGATTGTTTGTGGATAT","undecoded",23699,"0.00%"
"AAGGTTGTTCGCACCAGTTC","barcode435349ABE115ADT",23694,"0.00%"
"CCGGTAGCCAAATGACACAG","barcode435342ABE108ADT",23675,"0.00%"
"CAGATGCTGGTGTTAAACCG","undecoded",23674,"0.00%"
"ACAGGGCTATATAGATGCTC","barcode435361ABE127GEX",23673,"0.00%"
"GCTGCAAGATTCCTAACTCG","barcode435340ABE106ADT",23659,"0.00%"
"AACCAACGGAGCGAGAACGT","barcode435363ABE129GEX",23646,"0.00%"
"ACGATTGTAAGTACAATGTG","barcode435352ABE118ADT",23637,"0.00%"
"TGCGGCCTTGGAGGAATCAG","undecoded",23630,"0.00%"
"TTGTGGTGAGAAGCGGAGGT","barcode435358ABE124GEX",23628,"0.00%"
"AGAAGCTGAGGTTTGGTGTC","barcode435372ABE126TCR",23616,"0.00%"
"GTGGTTCTATGTTACGTTAG","barcode435344ABE110ADT",23561,"0.00%"
"CCCTAGATAATAGAGCCTAT","barcode435306ABE108GEX",23549,"0.00%"
"ACAGAGCTACATAGATGCTC","barcode435361ABE127GEX",23543,"0.00%"
"CAGATGCCGGTGTTAAACCG","barcode435304ABE106GEX",23500,"0.00%"
"TTGGGTTCCGTCCTCGAATG","barcode435307ABE109GEX",23496,"0.00%"
"GATCGATTGTCTTTCCGTCA","barcode435314ABE116GEX",23439,"0.00%"
"TTGTCCCGGATGCCATTCAC","barcode435311ABE113GEX",23399,"0.00%"
"ACCCAGGCAGGCTATTGGTG","barcode435384ABE126ADT",23381,"0.00%"
"GCGAGTAAGACTAGAGGTCA","barcode435308ABE110GEX",23323,"0.00%"
"TAACCAATTCCTACTAGAGA","barcode435318ABE120GEX",23307,"0.00%"
"GATCTTGCATTCAGACGCGT","barcode435351ABE117ADT",23286,"0.00%"
"TAAGTGCGCGAGAATCAGGG","undecoded",23225,"0.00%"
"CGAATATTCGATGCTTCCAG","barcode435310ABE112GEX",23211,"0.00%"
"CCCTAGATAATACAGCCTTT","barcode435306ABE108GEX",23169,"0.00%"
"TCATCGAGAAGTGCCCACAG","undecoded",23169,"0.00%"
"TGCGGCCCTGGAGGAATCAG","barcode435324ABE108TCR",23147,"0.00%"
"GATCTTGCATTCAGAGCCGT","barcode435351ABE117ADT",23122,"0.00%"
"AAAACATTCTTCCCACCCTC","barcode435301ABE103GEX",23119,"0.00%"
"TGGTGCGGGTATTGACAGTC","undecoded",23102,"0.00%"
"TTCCGCTCGTCTTACTTGTT","barcode435390ABE132ADT",23101,"0.00%"
"TTTCACCCATAATTCCCCAA","undecoded",23101,"0.00%"
"ACAGGGCTACTTAGATGCTC","barcode435361ABE127GEX",23066,"0.00%"
"TACCGAGGCGAAATCGTTGG","undecoded",23021,"0.00%"
"ACCTACCGCGCACATCCTGG","undecoded",22975,"0.00%"
"GCAAGTAAGACTAAGGTCAG","undecoded",22969,"0.00%"
"AGTCCCGCAGGCGATCCTCA","barcode435354ABE120ADT",22936,"0.00%"
"TTGTGGTGGGAAGCGGAGTG","undecoded",22799,"0.00%"
"GGAGGTTATGGTTTCTAATG","undecoded",22742,"0.00%"
"ACAGGGCTACATAGAAGCTC","barcode435361ABE127GEX",22735,"0.00%"
"ACCCAGGCAGGGTATTGGTC","barcode435384ABE126ADT",22728,"0.00%"
"AACCCTTTGACTCAGTAATG","barcode435383ABE125ADT",22705,"0.00%"
"AAGGTTGTTCGTACGAGTTC","barcode435349ABE115ADT",22700,"0.00%"
"AAACCATTCTTCCCACCCCT","undecoded",22688,"0.00%"
"CTTCTACTTAAGGAAACGAG","barcode435387ABE129ADT",22662,"0.00%"
"CTTCTACTTAAGGAAAAGCG","barcode435387ABE129ADT",22638,"0.00%"
"TGTGCACCCAATGATGCAAG","barcode435382ABE124ADT",22559,"0.00%"
"TGGGATTGTGATGTGGATAT","barcode435303ABE105GEX",22449,"0.00%"
"CACTGGGTCGGATGGTGCGA","barcode435337ABE103ADT",22422,"0.00%"
"CCCAACGTGATGGAGAAAAG","barcode435353ABE119ADT",22351,"0.00%"
"ACCCAGCAAACCGCAATTTG","barcode435389ABE131ADT",22346,"0.00%"
"TTATCGAGAAGTGCCCGACA","barcode435355ABE121GEX",22335,"0.00%"
"GATCGCTTGTCATTCCGTCA","barcode435314ABE116GEX",22276,"0.00%"
"ATGAGTGGTTTAACCTGAAT","barcode435357ABE123GEX",22235,"0.00%"
"CTCCTCCATGAATGGGTTAT","undecoded",22167,"0.00%"
"ATGCGTGGTTAAACCTGAAT","barcode435357ABE123GEX",22162,"0.00%"
"GATCTTGCATTCAGAGGCGA","barcode435351ABE117ADT",22123,"0.00%"
"ATCCAACGGAGCGAGACGTG","undecoded",22117,"0.00%"
"TTACACCCATAATTCCCAAG","barcode435309ABE111GEX",22114,"0.00%"
"GCTTTCGCTCTTGGTAAGGG","barcode435386ABE128ADT",22105,"0.00%"
"GCTAGTAAGACTAGAGGTCA","barcode435308ABE110GEX",22103,"0.00%"
"CCCTACATAATAGAGCCTTT","barcode435306ABE108GEX",22065,"0.00%"
"CTTCTACTTAAGGAAACGTG","barcode435387ABE129ADT",22010,"0.00%"
"ACCAGAACCACTCCTGCCAC","barcode435364ABE130GEX",21998,"0.00%"
"ACATTCGAGATCGGGATCGT","barcode435381ABE123ADT",21997,"0.00%"
"GCAGGTTATCGTTTCTAAGG","barcode435313ABE115GEX",21923,"0.00%"
"TAACCAAATCCTACTAGAGT","barcode435318ABE120GEX",21882,"0.00%"
"CCTCGAATAGAGCAGGACAG","barcode435403RUN2VDJ",21874,"0.00%"
"AAGGTTGTTCGTAGCAGTTC","barcode435349ABE115ADT",21844,"0.00%"
"GTAGAGCCGAGACCATCGGG","undecoded",21829,"0.00%"
"GATCGATTGTCATTCCTCAG","undecoded",21826,"0.00%"
"GCAGGTTATCGTTTTCTAAT","undecoded",21784,"0.00%"
"CACGTAAAGTAGGGAGTTCA","barcode435305ABE107GEX",21752,"0.00%"
"ACCCGTACCACTCCTGCCAC","barcode435364ABE130GEX",21707,"0.00%"
"CCATAAGCGCCAGCCAGGCG","undecoded",21678,"0.00%"
"AGAAGCTGGGGTTGGTGTCG","undecoded",21675,"0.00%"
"GTGGTTCTATGTTAGGATAG","barcode435344ABE110ADT",21649,"0.00%"
"CGAATATTCGTTGCTACCAG","barcode435310ABE112GEX",21618,"0.00%"
"CCCAGATCACGCGACAGAGT","barcode435343ABE109ADT",21596,"0.00%"
"CCCTAGATAATAGAGTCTTT","barcode435306ABE108GEX",21589,"0.00%"
"GCAAAGTAAGCTAGAGGTCA","undecoded",21585,"0.00%"
"TCGTGGTGGGAAGCGGAGGT","barcode435358ABE124GEX",21575,"0.00%"
"TAAGTGCGCGAGAATACGGG","barcode435360ABE126GEX",21486,"0.00%"
"TCATCGAGAAGGGCCCGACA","barcode435355ABE121GEX",21486,"0.00%"
"AAGGTTGTTCGTACAAGTTC","barcode435349ABE115ADT",21384,"0.00%"
"ACGATTGTAAGTACAATCAG","barcode435352ABE118ADT",21376,"0.00%"
"GCAAGTAAGACTAGAGGACA","barcode435308ABE110GEX",21369,"0.00%"
"TCAGTCGTAGGAGGCCGATG","barcode435380ABE122ADT",21298,"0.00%"
"TATGTGCGCGAGAATACAGG","barcode435360ABE126GEX",21262,"0.00%"
"ACCTACCGCGAACATCCTGG","undecoded",21221,"0.00%"
"CGAATATTCGCTGCTTCCAG","barcode435310ABE112GEX",21207,"0.00%"
"CGCTAGATAATAGAGCCTTT","barcode435306ABE108GEX",21177,"0.00%"
"TCAGTAGTGCAACCGTAGAG","barcode435339ABE105ADT",21155,"0.00%"
"GCAGGTTAACGTTTCTAATG","barcode435313ABE115GEX",21128,"0.00%"
"GCCCTTGACGGAGTGACCAG","undecoded",21122,"0.00%"
"ACCCGAACCACTCCTCCACG","undecoded",21113,"0.00%"
"CCTAAACTGCGTGCACGGAA","barcode435356ABE122GEX",21091,"0.00%"
"ACGATTGTAAGTAGAATCTG","barcode435352ABE118ADT",21068,"0.00%"
"GCCCTTGACGGAGTGACTAG","undecoded",21056,"0.00%"
"GTAGAGCCGCAGACCATCGG","barcode435362ABE128GEX",21010,"0.00%"
"TCACCAATTCCTACTAGAGT","barcode435318ABE120GEX",21004,"0.00%"
"TAACCAATTCCTACTAGAGG","barcode435318ABE120GEX",21002,"0.00%"
"CGAATATTCGTTGCTTTCCA","undecoded",20999,"0.00%"
"GATCTTGCATTCAGAGGAGT","barcode435351ABE117ADT",20993,"0.00%"
"AAACCATTCTTCCCCACCCT","undecoded",20941,"0.00%"
"GCTTTCGCTCTTGGTAAGCA","barcode435386ABE128ADT",20941,"0.00%"
"TGCGATTGTGTTGTGGATAT","barcode435303ABE105GEX",20921,"0.00%"
"ACAAGGCTACATAGATGCTC","barcode435361ABE127GEX",20915,"0.00%"
"TGGTGCCGTGATTGACAGTC","barcode435315ABE117GEX",20902,"0.00%"
"GATAGATTGTCATTCCGTCA","barcode435314ABE116GEX",20848,"0.00%"
"TGGTGCGGTGTTTGACAGTC","barcode435315ABE117GEX",20834,"0.00%"
"TCGTGATAACGAGGAGTTGC","barcode435347ABE113ADT",20800,"0.00%"
"TGGGATTGTGTTGTGGAATG","undecoded",20767,"0.00%"
"ACCTACCGCGCTACATCCTG","barcode435365ABE131GEX",20746,"0.00%"
"AACTACCGCGCAACATCCTG","barcode435365ABE131GEX",20728,"0.00%"
"TGGGATTGTGTTTGTGGATA","undecoded",20701,"0.00%"
"GCAAGTAAGATAGAGGTCAG","undecoded",20691,"0.00%"
"AACCCTTTGACGCAGTAATC","barcode435383ABE125ADT",20686,"0.00%"
"CGAATATTAGTTGCTTCCAG","barcode435310ABE112GEX",20649,"0.00%"
"GAAGAGCCGAAGACCATCGG","barcode435362ABE128GEX",20643,"0.00%"
"AAGGTTGTTCGAACCAGTTC","barcode435349ABE115ADT",20630,"0.00%"
"CGAGATAGGGGTTAGTATTC","undecoded",20629,"0.00%"
"GCATCCCAGCCCAGTTAGAC","barcode435388ABE130ADT",20627,"0.00%"
"GATCGTTTGTCATTCCGTCA","barcode435314ABE116GEX",20582,"0.00%"
"AAGATGTGAAGTGTACACTA","barcode435312ABE114GEX",20549,"0.00%"
"ACAGGGCTACATAGATGGTC","barcode435361ABE127GEX",20523,"0.00%"
"ATCTTCACGACCTGAGTTGC","barcode435317ABE119GEX",20519,"0.00%"
"CCATTCGCCTCGCCACTTGT","barcode435302ABE104GEX",20499,"0.00%"
"TGGTGCGGTGATTGACAGTG","barcode435315ABE117GEX",20472,"0.00%"
"ACCCGAACCACTCCTGCAAC","barcode435364ABE130GEX",20463,"0.00%"
"ATGCGTGGTTTAACCTAATG","undecoded",20419,"0.00%"
"TAACCATTCTTCCCACCCTC","barcode435301ABE103GEX",20390,"0.00%"
"ACCTACCGCGCAACATCCAG","barcode435365ABE131GEX",20360,"0.00%"
"ACAGCGCTACATAGATGCTC","barcode435361ABE127GEX",20344,"0.00%"
"CCTTAAGCGCCTAGCCAGGC","barcode435359ABE125GEX",20310,"0.00%"
"CCAGATCACGGCGACACAGT","undecoded",20298,"0.00%"
"TTGTGCTGGGAAGCGGAGGT","barcode435358ABE124GEX",20218,"0.00%"
"CACTGGTCGGGTTGGTGCGA","undecoded",20144,"0.00%"
"ATCCAACGGAGCGAGAAGGT","barcode435363ABE129GEX",20142,"0.00%"
"ATGCGTGGTTTAAACTGAAT","barcode435357ABE123GEX",20121,"0.00%"
"ATGCGTCGTTTAACCTGAAT","barcode435357ABE123GEX",20111,"0.00%"
"ACCTACCGCGCAACAACCTG","barcode435365ABE131GEX",20072,"0.00%"
"TTCCGCTCGTTTTAGTTGTT","barcode435390ABE132ADT",20067,"0.00%"
"GCAGGTTATCGTTTCAAATG","barcode435313ABE115GEX",20064,"0.00%"
"GTAGAGCCGAAGACATCGGG","undecoded",20033,"0.00%"
"CCTATACTGCGTGCACGGAG","barcode435356ABE122GEX",19983,"0.00%"
"GATCGATTGTGATTCCGTCA","barcode435314ABE116GEX",19972,"0.00%"
"CCAATCGCGTCGACACTTGT","undecoded",19947,"0.00%"
"GCAGGTTATCGTTTCTAAAG","barcode435313ABE115GEX",19944,"0.00%"
"ACCCGAACCCCTCCTGCCAC","barcode435364ABE130GEX",19929,"0.00%"
"CCCTGACAGGGTTACGGGGT","barcode435366ABE132GEX",19913,"0.00%"
"GCCGTTGACGGAGTGACCTA","barcode435316ABE118GEX",19910,"0.00%"
"TGGTGCAGTGATTGACAGTC","barcode435315ABE117GEX",19898,"0.00%"
"TAACCAATTCCACTAGAGTG","undecoded",19897,"0.00%"
"GCAGATTATCGTTTCTAATG","barcode435313ABE115GEX",19896,"0.00%"
"TTTCACCCATTATTCCCAAG","barcode435309ABE111GEX",19890,"0.00%"
"CCCTAGATAAAAGAGCCTTT","barcode435306ABE108GEX",19844,"0.00%"
"GTTGAGCCGAAGACCATCGG","barcode435362ABE128GEX",19809,"0.00%"
"CCCTGACAGAGTTACGGGCT","barcode435366ABE132GEX",19785,"0.00%"
"CAGTTGCCGGTGTTAAACCC","barcode435304ABE106GEX",19781,"0.00%"
"ATAACAGCTGGTCACGTACT","barcode435348ABE114ADT",19769,"0.00%"
"GCAGGTTATCGTTTCTTATG","barcode435313ABE115GEX",19763,"0.00%"
"TTGTCCCGGAAGGCATTCAC","barcode435311ABE113GEX",19748,"0.00%"
"TAGGGTTCCGTCCTCGAATC","barcode435307ABE109GEX",19745,"0.00%"
"GCGAACTATGAGTAACGAAA","barcode435345ABE111ADT",19736,"0.00%"
"CACTGGGTCGGTTGGTGAGA","barcode435337ABE103ADT",19699,"0.00%"
"CGATTCGCATCGACACTTGT","barcode435302ABE104GEX",19687,"0.00%"
"CCCTAAGCGCCTAGCCAGGC","barcode435359ABE125GEX",19686,"0.00%"
"TCAGTAGTGCAACCGAAGTG","barcode435339ABE105ADT",19661,"0.00%"
"CCCTGACAGGGTTACGGGCG","barcode435366ABE132GEX",19619,"0.00%"
"ACCAACGGAGGCGAGAACGT","undecoded",19600,"0.00%"
"CACGTAAAGTAGGGCGTCAG","undecoded",19600,"0.00%"
"AAGGTGTGAAGTGTACACAG","undecoded",19579,"0.00%"
"CCCAGATCACGCGACAAAGT","barcode435343ABE109ADT",19551,"0.00%"
"GCCCTTGACGGGGTGACCTA","barcode435316ABE118GEX",19529,"0.00%"
"GTAGAGCCGAAGACCAACGG","barcode435362ABE128GEX",19520,"0.00%"
"CCATAAGCGCCTAGCAGGCG","undecoded",19433,"0.00%"
"CCCTGACAGGGTTCGGGCTG","undecoded",19426,"0.00%"
"GCTGCAAGATTCCTTACTGG","barcode435340ABE106ADT",19423,"0.00%"
"GAACGATTGTCATTCCGTCA","barcode435314ABE116GEX",19402,"0.00%"
"GCCCTTGACGGAGTGACCCT","undecoded",19400,"0.00%"
"CCCCGACAGGGTTACGGGCT","barcode435366ABE132GEX",19394,"0.00%"
"ATCTTGAGGACCTGAGTTGC","barcode435317ABE119GEX",19374,"0.00%"
"GCAGGTTATCGTTACTAATG","barcode435313ABE115GEX",19333,"0.00%"
"AAGGTGTGAAGTGCACAATA","undecoded",19330,"0.00%"
"CTCGCGAGAGGATGAAGATA","barcode435335ABE119TCR",19319,"0.00%"
"GCTGGTTATCGTTTCTAATG","barcode435313ABE115GEX",19316,"0.00%"
"CCCATACTGCGTGCACGGAA","barcode435356ABE122GEX",19313,"0.00%"
"AACCCTTTGACTGAGTAATC","barcode435383ABE125ADT",19275,"0.00%"
"GCATCCCAGCCCAGTTAGTG","barcode435388ABE130ADT",19264,"0.00%"
"CGAATATACGTTGCTTCCAG","barcode435310ABE112GEX",19248,"0.00%"
"CCATTCGCATCGACACTTGG","barcode435302ABE104GEX",19178,"0.00%"
"CCCCAGATAATAGAGCCTTT","barcode435306ABE108GEX",19177,"0.00%"
"CACTGGGTCGGTTGGAGCGA","barcode435337ABE103ADT",19142,"0.00%"
"ACCCTGGGAGAAAGGTAGTA","undecoded",19132,"0.00%"
"CAGTGGACGGGTCATGAATG","undecoded",19124,"0.00%"
"TTGTCCCGGACGGCATTCAC","barcode435311ABE113GEX",19114,"0.00%"
"TTGGGTTCCGTCCTCAATCG","undecoded",19097,"0.00%"
"ATATCCTATCCCCATTTCAA","barcode435332ABE116TCR",19084,"0.00%"
"TTATGCAAGGAAGCCCTGAT","undecoded",19082,"0.00%"
"AAAACCATTCTCCCACCCTC","undecoded",18990,"0.00%"
"CCCTGACAGGGTAACGGGCT","barcode435366ABE132GEX",18967,"0.00%"
"ATGCGTGATTTAACCTGAAT","barcode435357ABE123GEX",18957,"0.00%"
"GCTGCAGATGTCCTTACTCG","undecoded",18936,"0.00%"
"CACTGGGTCGGTTGGTGCGG","barcode435337ABE103ADT",18933,"0.00%"
"TTGTCCCGGATGGGATTCAC","barcode435311ABE113GEX",18909,"0.00%"
"TTGGATTCCGTCCTCGAATC","barcode435307ABE109GEX",18860,"0.00%"
"ACATTCGAGATCGCGATGGT","barcode435381ABE123ADT",18834,"0.00%"
"GATCTTGCATACAGAGGCGT","barcode435351ABE117ADT",18800,"0.00%"
"GTGTCAATAGATCAGTTCGC","barcode435341ABE107ADT",18795,"0.00%"
"CCCCCCCCCCCCCCCCCCCC","undecoded",18790,"0.00%"
"TGGGTGCGGTATTGACAGTC","undecoded",18782,"0.00%"
"GTGTCAATAAATCAGTTGGC","barcode435341ABE107ADT",18769,"0.00%"
"AAACCAATCTTCCCACCCTC","barcode435301ABE103GEX",18752,"0.00%"
"TCAGTAGTGCAACAGTAGTG","barcode435339ABE105ADT",18752,"0.00%"
"TAACCAATTCCTACTAAAGT","barcode435318ABE120GEX",18747,"0.00%"
"CCGAAGATTAATTGATGGAT","barcode435385ABE127ADT",18731,"0.00%"
"CCTCGATAAGAGCAGGACAG","undecoded",18726,"0.00%"
"ATATCCTCTGCCCATTTCAA","barcode435332ABE116TCR",18695,"0.00%"
"ACCCAGGCAGGCTATTGCTC","barcode435384ABE126ADT",18684,"0.00%"
"CAGTTGGCGGTGTTAAACCG","barcode435304ABE106GEX",18680,"0.00%"
"CCGAAGATTAATTGATGGCA","barcode435385ABE127ADT",18679,"0.00%"
"AAGCGTGGTTTAACCTGAAT","barcode435357ABE123GEX",18634,"0.00%"
"AAACCATTCTTCCCAACCTC","barcode435301ABE103GEX",18631,"0.00%"
"CCCTGACAGGGGTACGGGCT","barcode435366ABE132GEX",18552,"0.00%"
"AAGGAGTGAAGTGTACACTA","barcode435312ABE114GEX",18538,"0.00%"
"ATGGGTGGTTTAACCTGAAT","barcode435357ABE123GEX",18507,"0.00%"
"CCTATACTGCGTGAACGGAA","barcode435356ABE122GEX",18497,"0.00%"
"TGGGATTGTGTTGTGGTTAT","barcode435303ABE105GEX",18469,"0.00%"
"CAGATGCAGGTGTTAAACCG","undecoded",18454,"0.00%"
"ACAGGGATACATAGATGCTC","barcode435361ABE127GEX",18450,"0.00%"
"TATTCGCCTGCGGTAAAGCG","barcode435379ABE121ADT",18443,"0.00%"
"GTTGTCTGTGCCTAGTTCCT","undecoded",18442,"0.00%"
"TAACCAATTCCTACTAGATG","undecoded",18439,"0.00%"
"GCCCTTGACGGAGTGACCTG","barcode435316ABE118GEX",18419,"0.00%"
"TATTCGCCTGGGGTAAAGGG","barcode435379ABE121ADT",18410,"0.00%"
"AGAAGCTGTGGTTTGGTGTC","barcode435372ABE126TCR",18405,"0.00%"
"GCTGCAAGATTCCTTAATCG","barcode435340ABE106ADT",18384,"0.00%"
"CCCTAGATAATAGAGCCCTT","barcode435306ABE108GEX",18373,"0.00%"
"TAGGTGTGAAGTGTACACTA","barcode435312ABE114GEX",18369,"0.00%"
"CAGGTGACGGGTCATGAATG","undecoded",18362,"0.00%"
"TCTTCGAGAAGTGCCCGACA","barcode435355ABE121GEX",18355,"0.00%"
"TGGTGCGATGATTGACAGTC","barcode435315ABE117GEX",18337,"0.00%"
"GCCCTTGACAGAGTGACCTA","barcode435316ABE118GEX",18307,"0.00%"
"GCCCTTGACGGCGTGACCTA","barcode435316ABE118GEX",18294,"0.00%"
"CACTGGGTCGGTTGGTGTGA","barcode435337ABE103ADT",18268,"0.00%"
"TTGAGTTCCGTCCTCGAATC","barcode435307ABE109GEX",18267,"0.00%"
"CGAATATTTGTTGCTTCCAG","barcode435310ABE112GEX",18245,"0.00%"
